<?xml version="1.0"?>
<!--
   (c) 2025 Copyright, Real-Time Innovations, Inc. (RTI) All rights reserved.
  
   RTI grants Licensee a license to use, modify, compile, and create derivative
   works of the Software solely in combination with RTI Connext DDS. Licensee
   may redistribute copies of the Software provided that all such copies are
   subject to this License. The Software is provided "as is", with no warranty
   of any type, including any warranty for fitness for any purpose. RTI is
   under no obligation to maintain or support the Software. RTI shall not be
   liable for any incidental or consequential damages arising out of the use or
   inability to use the Software. For purposes of clarity, nothing in this
   License prevents Licensee from using alternate versions of DDS, provided
   that Licensee may not combine or link such alternate versions of DDS with
   the Software.
-->
<dds xmlns:xsi="http://www.w3.org/2001/XMLSchema-instance"
     xsi:noNamespaceSchemaLocation="https://community.rti.com/schema/7.3.0/rti_dds_qos_profiles.xsd">

    <qos_library name="Chat_Library">

      <qos_profile name="Chat_Profile">
      
        <participant_qos>
          <participant_name>
            <name>ChatApp</name>
          </participant_name>
          <transport_builtin>
            <mask>UDPv4</mask>
          </transport_builtin>
        </participant_qos>
      
      </qos_profile>
      
      <qos_profile name="ChatUser_Profile" base_name="BuiltinQosLibExp::Pattern.Status">
        
        <datareader_qos>
          <subscription_name>
            <name>ChatUser_Reader</name>
          </subscription_name>
          <liveliness>
            <lease_duration>
              <sec>3</sec>
              <nanosec>0</nanosec>
            </lease_duration>
          </liveliness>
        </datareader_qos>
        
        <datawriter_qos>
          <publication_name>
            <name>ChatUser_Writer</name>
          </publication_name>
          <liveliness>
            <lease_duration>
              <sec>2</sec>
              <nanosec>0</nanosec>
            </lease_duration>
          </liveliness>
        </datawriter_qos>
        
      </qos_profile>

      <!-- in library Chat_Library -->
      <qos_profile name="ChatMessage_Profile">
        <datawriter_qos>
         <!-- Changed to Reliable Reliability on both writer and reader-->
          <reliability>
            <kind>RELIABLE_RELIABILITY_QOS</kind>
          </reliability>
          <!-- Changed to Transient Local Durability on both writer and reader -->
          <durability>
            <kind>TRANSIENT_LOCAL_DURABILITY_QOS</kind>
          </durability>
          <!-- Changed to Store messages history on both writer and reader -->
          <history>
            <kind>KEEP_LAST_HISTORY_QOS</kind>
            <depth>50</depth>
          </history>
          <resource_limits>
            <max_samples>200</max_samples>
            <max_instances>16</max_instances>
            <max_samples_per_instance>200</max_samples_per_instance>
          </resource_limits>
        </datawriter_qos>

        <datareader_qos>
          <reliability>
            <kind>RELIABLE_RELIABILITY_QOS</kind>
          </reliability>
          <durability>
            <kind>TRANSIENT_LOCAL_DURABILITY_QOS</kind>
          </durability>
          <history>
            <kind>KEEP_LAST_HISTORY_QOS</kind>
            <depth>50</depth>
          </history>
          <resource_limits>
            <max_samples>200</max_samples>
            <max_instances>16</max_instances>
            <max_samples_per_instance>200</max_samples_per_instance>
          </resource_limits>
        </datareader_qos>
      </qos_profile>

      
    </qos_library>
</dds>